{"cameraMode":{"drawMode":0,"name":"Shaded","section":"Shading Mode"},"sceneLighting":true,"audioPlay":false,"sceneViewState":{"showFog":true,"showMaterialUpdate":false,"showSkybox":true,"showFlares":true,"showImageEffects":true,"showParticleSystems":true},"in2DMode":false,"pivot":{"x":20.591045379638673,"y":-5.008365631103516,"z":-2.923921585083008},"rotation":{"x":-0.10221484303474426,"y":0.8338971138000488,"z":-0.16497111320495606,"w":-0.516674280166626},"size":38.02248764038086,"orthographic":false}